index,company,code
0,DRB동일,004840
1,DSR,155660
2,GS글로벌,001250
3,HDC현대산업개발,294870
4,KEC,092220
5,KG동부제철,016380
6,KG케미칼,001390
7,KTis,058860
8,LG이노텍,011070
9,LG전자,066570
10,LG헬로비전,037560
11,OCI,010060
12,SK이노베이션,096770
13,STX,011810
14,WISCOM,024070
15,갤럭시아에스엠,011420
16,경농,002100
17,경동인베스트,012320
18,경인전자,009140
19,국도화학,007690
20,국동,005320
21,극동유화,014530
22,기아,000270
23,까뮤이앤씨,013700
24,대덕전자,353200
25,대우건설,047040
26,대웅,003090
27,덴티움,145720
28,두산인프라코어,042670
29,두산중공업,034020
30,디피씨,026890
31,락앤락,115390
32,롯데정보통신,286940
33,마니커,027740
34,메리츠증권,008560
35,명문제약,017180
36,모두투어리츠,204210
37,부국증권,001270
38,삼성SDI,006400
39,삼성엔지니어링,028050
40,삼성출판사,068290
41,삼성화재,000810
42,삼영화학,003720
43,삼호개발,010960
44,상상인증권,001290
45,선진,136490
46,세기상사,002420
47,세방전지,004490
48,세아제강지주,003030
49,신한알파리츠,293940
50,신한지주,055550
51,쌍용차,003620
52,쎌마테라퓨틱스,015540
53,에스디바이오센서,137310
54,에이블씨엔씨,078520
55,영화금속,012280
56,오뚜기,007310
57,오리엔트바이오,002630
58,우진,105840
59,윌비스,008600
60,유나이티드제약,033270
61,이월드,084680
62,인지컨트롤스,023800
63,인터지스,129260
64,일성건설,013360
65,일진다이아,081000
66,자화전자,033240
67,제일약품,271980
68,제일파마홀딩스,002620
69,조비,001550
70,조흥,002600
71,종근당홀딩스,001630
72,지역난방공사,071320
73,코오롱인더,120110
74,키다리스튜디오,020120
75,태경산업,015890
76,태양금속,004100
77,POSCO,005490
78,포스코강판,058430
79,하이트론,019490
80,한국공항,005430
81,한국패러랠,168490
82,한솔로지스틱스,009180
83,한일철강,002220
84,한창제지,009460
85,한화생명,088350
86,현대건설,000720
87,현대건설기계,267270
88,현대비앤지스틸,004560
89,현대엘리베이,017800
90,현대차증권,001500
91,호전실업,111110
92,EDGC,245620
93,ES큐브,050120
94,JW신약,067290
95,KB오토시스,024120
96,KH바텍,060720
97,UCI,038340
98,YW,051390
99,강스템바이오텍,217730
100,경창산업,024910
101,교보9호스팩,331520
102,국순당,043650
103,국일제지,078130
104,그리티,204020
105,까스텔바작,308100
106,나노브릭,286750
107,나노스,151910
108,네오리진,094860
109,네오위즈,095660
110,네오티스,085910
111,네이처셀,007390
112,녹십자셀,031390
113,농우바이오,054050
114,뉴인텍,012340
115,대봉엘에스,078140
116,대유,290380
117,대유에이피,290120
118,대주산업,003310
119,대한그린파워,060900
120,대한약품,023910
121,동구바이오제약,006620
122,디에이테크놀로지,196490
123,디에이피,066900
124,디엔에이링크,127120
125,디엔에프,092070
126,디자인,227100
127,디지틀조선,033130
128,룽투코리아,060240
129,링크제니시스,219420
130,모비스,250060
131,모트렉스,118990
132,미래에셋대우스팩3호,328380
133,미스터블루,207760
134,미코바이오메드,214610
135,바디텍메드,206640
136,브랜드엑스코퍼레이션,337930
137,삼보판지,023600
138,삼성스팩4호,377630
139,삼아제약,009300
140,상지카일룸,042940
141,샘씨엔에스,252990
142,서암기계공업,100660
143,선진뷰티사이언스,086710
144,성창오토텍,080470
145,세보엠이씨,011560
146,셀바스헬스케어,208370
147,셀트리온제약,068760
148,솔고바이오,043100
149,스타모빌리티,158310
150,스튜디오산타클로스,204630
151,스페코,013810
152,승일,049830
153,시티랩스,139050
154,신영스팩6호,344050
155,쌍용정보통신,010280
156,썸에이지,208640
157,쎄미시스코,136510
158,씨케이에이치,900120
159,아나패스,123860
160,아이비김영,339950
161,아이센스,099190
162,아이씨디,040910
163,아이씨케이,068940
164,아이오케이,078860
165,아이원스,114810
166,아이즈비전,031310
167,아이큐어,175250
168,아이티센,124500
169,알에프세미,096610
170,알에프텍,061040
171,애니플러스,310200
172,앤디포스,238090
173,어보브반도체,102120
174,에스앤더블류,103230
175,에스앤에스텍,101490
176,에스에너지,095910
177,에쎈테크,043340
178,에이디테크놀로지,200710
179,에이루트,096690
180,에이스토리,241840
181,에이티넘인베스트,021080
182,에코프로에이치엔,383310
183,엑세스바이오,950130
184,엑시콘,092870
185,엔시트론,101400
186,엔에이치스팩18호,365590
187,엔투텍,227950
188,엘아이에스,138690
189,엠게임,058630
190,엠벤처투자,019590
191,영화테크,265560
192,예스티,122640
193,오공,045060
194,오스템임플란트,048260
195,오픈베이스,049480
196,옵티시스,109080
197,원방테크,053080
198,원익QnC,074600
199,웰크론,065950
200,위지트,036090
201,유니온커뮤니티,203450
202,유니테크노,241690
203,유비쿼스홀딩스,078070
204,유신,054930
205,유안타제5호스팩,336060
206,유안타제7호스팩,367460
207,유진스팩4호,321260
208,유테크,178780
209,유티아이,179900
210,이베스트스팩5호,349720
211,이베스트이안스팩1호,323210
212,이스트소프트,047560
213,이스트아시아홀딩스,900110
214,이엠넷,123570
215,이지바이오,353810
216,인베니아,079950
217,인텍플러스,064290
218,자비스,254120
219,자이글,234920
220,정상제이엘에스,040420
221,제우스,079370
222,제이씨현시스템,033320
223,제이엘케이,322510
224,제이엠티,094970
225,제주반도체,080220
226,조아제약,034940
227,주성엔지니어링,036930
228,지엔씨에너지,119850
229,지엔코,065060
230,초록뱀컴퍼니,052300
231,캐스텍코리아,071850
232,컴투스,078340
233,케이비제20호스팩,342550
234,케이티알파,036030
235,케이프이에스제4호,347140
236,케이피엠테크,042040
237,케이피티유,054410
238,켄코아에어로스페이스,274090
239,코스나인,082660
240,코스온,069110
241,코오롱생명과학,102940
242,코프라,126600
243,크로바하이텍,043590
244,키네마스터,139670
245,테스나,131970
246,토탈소프트,045340
247,트루윈,105550
248,특수건설,026150
249,티앤알바이오팹,246710
250,파라텍,033540
251,파세코,037070
252,파워로직스,047310
253,파커스,065690
254,패션플랫폼,225590
255,포인트엔지니어링,256630
256,푸드웰,005670
257,프로스테믹스,203690
258,피델릭스,032580
259,피에스엠씨,024850
260,피제이전자,006140
261,하나금융15호스팩,341160
262,하나기술,299030
263,하이즈항공,221840
264,한국경제TV,039340
265,한국맥널티,222980
266,한국선재,025550
267,한국테크놀로지,053590
268,한솔인티큐브,070590
269,한양디지텍,078350
270,한컴위드,054920
271,현대무벡스,319400
272,현대바이오,048410
273,현대바이오랜드,052260
274,화성밸브,039610
275,휴맥스,115160
276,희림,037440
292,CJ대한통운,000120
293,CJ제일제당,097950
294,GS리테일,007070
295,KB금융,105560
296,KPX케미칼,025000
297,KR모터스,000040
298,KTcs,058850
299,LS전선아시아,229640
300,LX홀딩스,383800
301,SK렌터카,068400
302,SPC삼립,005610
303,강원랜드,035250
304,교보증권,030610
305,금강공업,014280
306,금호건설,002990
307,금호전기,001210
308,기업은행,024110
309,남성,004270
310,넷마블,251270
311,대구백화점,006370
312,대영포장,014160
313,대원제약,003220
314,대한방직,001070
315,대한제당,001790
316,대한해운,005880
317,덕양산업,024900
318,동원F&B,049770
319,동원금속,018500
320,디씨엠,024090
321,디티알오토모티브,007340
322,롯데제과,280360
323,롯데하이마트,071840
324,백산,035150
325,보락,002760
326,빙그레,005180
327,사조대림,003960
328,사조동아원,008040
329,삼진제약,005500
330,서원,021050
331,세방,004360
332,세아홀딩스,058650
333,세우글로벌,013000
334,세이브존I&C,067830
335,솔루스첨단소재,336370
336,신송홀딩스,006880
337,신일전자,002700
338,신풍제약,019170
339,아이마켓코리아,122900
341,엔씨소프트,036570
342,영보화학,014440
343,영진약품,003520
344,영풍,000670
345,우리금융캐피탈,033660
346,유니온머티리얼,047400
347,이수화학,005950
348,이스타코,015020
349,인천도시가스,034590
350,일동홀딩스,000230
351,지엠비코리아,013870
352,케이씨텍,281820
353,코리아써키트,007810
354,코스모화학,005420
355,코아스,071950
356,코오롱,002020
357,코오롱플라스틱,138490
358,쿠쿠홀딩스,192400
359,큐로,015590
360,태영건설,009410
362,포스코케미칼,003670
363,한국금융지주,071050
364,한국전자홀딩스,006200
365,한국종합기술,023350
366,한국주철관,000970
367,한국콜마,161890
368,한국타이어앤테크놀로지,161390
369,한국토지신탁,034830
370,한국프랜지,010100
371,한온시스템,018880
372,한올바이오파마,009420
373,해태제과식품,101530
374,현대에너지솔루션,322000
375,호텔신라,008770
376,화승알앤에이,378850
377,화승인더,006060
378,화천기공,000850
379,환인제약,016580
380,효성,004800
381,효성화학,298000
382,흥아해운,003280
383,APS홀딩스,054620
384,CBI,013720
385,CS,065770
386,CSA 코스믹,083660
387,HB솔루션,297890
388,HRS,036640
389,NHN벅스,104200
390,NICE평가정보,030190
391,PN풍년,024940
392,RF머트리얼즈,327260
393,SM C&C,048550
394,THQ,192410
395,TS트릴리온,317240
396,갤럭시아머니트리,094480
397,경남제약헬스케어,223310
398,고영,098460
399,국영지앤엠,006050
400,나노엔텍,039860
401,나이벡,138610
402,남화토건,091590
403,네오팜,092730
404,넥스틴,348210
405,넵튠,217270
406,노바렉스,194700
407,뉴로스,126870
408,대성파인텍,104040
409,대아티아이,045390
410,대양제지,006580
411,대주전자재료,078600
412,대창솔루션,096350
413,덕산네오룩스,213420
414,동국S&C,100130
415,동국산업,005160
416,동아엘텍,088130
417,디딤,217620
418,디알텍,214680
419,디엠티,134580
420,디오,039840
421,딜리,131180
422,럭슬,033600
423,레드캡투어,038390
424,레이언스,228850
425,로보로보,215100
426,루트로닉,085370
427,리더스코스메틱,016100
428,릭스솔루션,029480
429,매일홀딩스,005990
430,머큐리,100590
431,메디앙스,014100
432,메디프론,065650
433,메타바이오메드,059210
434,멕아이씨에스,058110
435,멜파스,096640
436,모두투어,080160
437,무림SP,001810
438,미래에셋벤처투자,100790
439,바이오로그디바이스,208710
440,박셀바이오,323990
441,부스타,008470
442,비트컴퓨터,032850
443,삼륭물산,014970
444,삼양옵틱스,225190
445,삼일,032280
446,삼일기업공사,002290
447,삼지전자,037460
448,삼진,032750
449,삼표시멘트,038500
450,삼화네트웍스,046390
451,상보,027580
452,상신이디피,091580
453,서호전기,065710
454,성우하이텍,015750
455,세경하이테크,148150
456,세명전기,017510
457,셀바스AI,108860
458,손오공,066910
459,솔루에타,154040
460,솔브레인,357780
461,슈프리마,236200
462,스튜디오드래곤,253450
463,시스웍,269620
464,신라에스지,025870
465,신라젠,215600
466,신한제6호스팩,333050
467,씨앤투스성진,352700
468,씨이랩,189330
469,씨티케이,260930
470,아가방컴퍼니,013990
471,아래스,050320
472,아모텍,052710
473,아미코젠,092040
474,아이에이,038880
475,아이엠,101390
476,아이퀘스트,262840
477,액트로,290740
478,앱코,129890
479,에스에스알,275630
480,에스엘바이오닉스,214310
481,에스티팜,237690
482,에프알텍,073540
483,엠에프엠코리아,323230
484,연이비앤티,090740
485,영신금속,007530
486,예림당,036000
487,오성첨단소재,052420
488,오션브릿지,241790
489,와이더플래닛,321820
490,와이지-원,019210
491,우리손에프앤지,073560
492,우림기계,101170
493,우수AMS,066590
494,원익큐브,014190
495,원일특강,012620
496,윈하이텍,192390
497,윌링스,313760
498,유니테스트,086390
499,유바이오로직스,206650
500,유안타제8호스팩,367480
501,육일씨엔에쓰,191410
502,이글루시큐리티,067920
503,이글벳,044960
504,이녹스,088390
505,이랜시스,264850
506,이삭엔지니어링,351330
507,이엔코퍼레이션,066980
508,이지케어텍,099750
509,인바디,041830
510,인선이엔티,060150
511,인포바인,115310
512,인포뱅크,039290
513,잉크테크,049550
514,전진바이오팜,110020
515,정다운,208140
516,제놀루션,225220
517,제일바이오,052670
518,제일제강,023440
519,젬백스지오,041590
520,조이시티,067000
521,중앙디앤엠,051980
522,지니뮤직,043610
523,지니언스,263860
524,지니틱스,303030
525,지란지교시큐리티,208350
526,지유온,111820
527,지티지웰니스,219750
528,참좋은여행,094850
529,천보,278280
530,케이씨피드,025880
531,케이엔더블유,105330
532,코데즈컴바인,047770
533,코드네이처,078940
534,코리아센터,290510
535,코메론,049430
536,코미팜,041960
537,코아시아,045970
538,코웰패션,033290
539,코위버,056360
540,큐라클,365270
541,큐브앤컴퍼니,043090
542,큐브엔터,182360
543,크루셜텍,114120
544,크리스탈지노믹스,083790
545,클리노믹스,352770
547,테고사이언스,191420
548,테라사이언스,073640
549,테라젠이텍스,066700
550,파멥신,208340
551,파수,150900
552,파인디지털,038950
553,팍스넷,038160
554,팬엔터테인먼트,068050
555,펌텍코리아,251970
556,풍강,093380
557,플레이디,237820
558,피에스케이,319660
559,피에스텍,002230
560,피엔티,137400
561,픽셀플러스,087600
562,핌스,347770
563,핑거,163730
564,하나금융14호스팩,332710
565,하나마이크론,067310
566,한국바이오젠,318000
567,한국비엔씨,256840
568,한국정보인증,053300
569,한국코퍼레이션,050540
570,한글과컴퓨터,030520
571,한일단조,024740
572,한일화학,007770
573,한컴MDS,086960
574,현진소재,053660
575,형지I&C,011080
576,휴네시온,290270
577,휴맥스홀딩스,028080
578,흥국에프엔비,189980
594,BGF리테일,282330
595,BNK금융지주,138930
596,GS건설,006360
597,HDC아이콘트롤스,039570
598,KC코트렐,119650
599,MH에탄올,023150
600,SBS,034120
601,SBS미디어홀딩스,101060
602,SG글로벌,001380
603,SHD,001770
604,SH에너지화학,002360
605,SK,034730
606,SK가스,018670
607,SK텔레콤,017670
608,STX중공업,071970
609,YG PLUS,037270
610,국제약품,002720
611,금양,001570
612,금호타이어,073240
613,넥센타이어,002350
614,녹십자홀딩스,005250
615,농심홀딩스,072710
616,다스코,058730
617,대웅제약,069620
618,대한유화,006650
619,더존비즈온,012510
620,덕성,004830
621,도화엔지니어링,002150
622,동방아그로,007590
623,동서,026960
624,동성케미컬,102260
625,동양,001520
626,동양생명,082640
627,디아이,003160
628,디와이,013570
629,롯데정밀화학,004000
630,롯데푸드,002270
631,만도,204320
632,맥쿼리인프라,088980
633,메타랩스,090370
634,모토닉,009680
635,미래에셋맵스리츠,357250
636,미원화학,134380
637,범양건영,002410
638,베트남개발1,096300
639,삼성바이오로직스,207940
640,삼성에스디에스,018260
641,삼성증권,016360
642,삼성카드,029780
643,삼양통상,002170
644,삼영무역,002810
645,삼일제약,000520
646,삼정펄프,009770
647,샘표식품,248170
648,서연이화,200880
649,성보화학,003080
650,세아제강,306200
651,센트랄모텍,308170
652,센트럴인사이트,012600
653,송원산업,004430
654,수산중공업,017550
655,신도리코,029530
656,신성이엔지,011930
657,신세계인터내셔날,031430
658,신세계푸드,031440
659,쌍용C&E,003410
660,씨아이테크,004920
662,아이에스동서,010780
663,애경산업,018250
664,에스엘,005850
665,에이프로젠 MED,007460
666,NHN,181710
667,엠씨넥스,097520
668,유니켐,011330
669,유화증권,003460
670,이구산업,025820
671,이마트,139480
672,일성신약,003120
673,일정실업,008500
674,제이에스코퍼레이션,194370
675,제이준코스메틱,025620
676,조선선재,120030
677,종근당바이오,063160
678,지누스,013890
679,진도,088790
680,진양화학,051630
681,케이탑리츠,145270
682,코스모신소재,005070
683,태경비케이,014580
684,태평양물산,007980
685,테이팩스,055490
686,텔코웨어,078000
687,티와이홀딩스,363280
688,팜스코,036580
689,하이스틸,071090
690,하이트진로,000080
691,한국석유,004090
692,한국수출포장,002200
693,한국자산신탁,123890
694,한국전력,015760
695,한국주강,025890
696,한국콜마홀딩스,024720
697,한국항공우주,047810
698,한라홀딩스,060980
699,한미사이언스,008930
700,한샘,009240
701,한솔홀딩스,004150
702,한신공영,004960
703,한신기계,011700
704,한화에어로스페이스,012450
705,현대퓨처넷,126560
706,효성ITX,094280
707,휴니드,005870
708,IBKS제13호스팩,351340
709,JTC,950170
710,KCC건설,021320
711,KCI,036670
712,KG ETS,151860
713,NEW,160550
714,SBI핀테크솔루션즈,950110
715,SGA솔루션즈,184230
716,SM Life Design,063440
717,WI,073570
718,고려시멘트,198440
719,골드앤에스,035290
720,국일신동,060480
721,국전약품,307750
722,나노신소재,121600
723,나무가,190510
724,나인테크,267320
725,넥스트아이,137940
726,넥슨지티,041140
727,노터스,278650
728,다산네트웍스,039560
729,다원시스,068240
730,대명소노시즌,007720
731,대성미생물,036480
732,대원산업,005710
733,대한광통신,010170
734,더블유에스아이,299170
735,덕신하우징,090410
736,덴티스,261200
737,동국알앤에스,075970
738,동신건설,025950
739,동일기연,032960
740,듀오백,073190
741,디젠스,113810
742,디지아이,043360
743,디지털대성,068930
744,디티앤씨,187220
745,라이트론,069540
746,램테크놀러지,171010
747,레고켐바이오,141080
748,레몬,294140
749,로보스타,090360
750,리더스 기술투자,019570
751,리드코프,012700
752,맥스로텍,141070
753,메디콕스,054180
754,메디포스트,078160
755,미래컴퍼니,049950
756,바이오니아,064550
757,베셀,177350
758,보라티알,250000
759,부방,014470
760,브리지텍,064480
761,비디아이,148140
762,비즈니스온,138580
763,삼영에스앤씨,361670
764,삼진엘앤디,054090
765,삼천리자전거,024950
766,삼현철강,017480
767,서산,079650
768,성우테크론,045300
769,세운메디칼,100700
770,세종텔레콤,036630
771,세코닉스,053450
772,소리바다,053110
773,솔본,035610
774,솔브레인홀딩스,036830
775,수산아이앤티,050960
776,슈펙스비앤피,058530
777,슈피겐코리아,192440
778,스카이이앤엠,131100
779,스포츠서울,039670
780,시공테크,020710
781,시큐브,131090
782,신도기연,290520
783,신테카바이오,226330
784,신흥에스이씨,243840
785,쎄노텍,222420
786,쎄트렉아이,099320
787,씨엠에스에듀,225330
788,씨큐브,101240
789,아모센스,357580
790,아비코전자,036010
791,아스타,246720
792,아이디피,332370
793,아진산업,013310
794,아프리카TV,067160
795,안트로젠,065660
796,알체라,347860
797,알티캐스트,085810
798,애니젠,196300
799,앱클론,174900
800,에스제이그룹,306040
801,에스트래픽,234300
802,에스퓨얼셀,288620
803,에이디칩스,054630
804,에이비엘바이오,298380
805,에이스침대,003800
806,에이치피오,357230
807,에이텍티앤,224110
808,에코플라스틱,038110
809,엑셈,205100
810,엔브이에이치코리아,067570
811,엔지스테크널러지,208860
812,엔지켐생명과학,183490
813,엔케이맥스,182400
814,엔텔스,069410
815,엘디티,096870
816,엘컴텍,037950
817,영림원소프트랩,060850
818,오리엔트정공,065500
819,오스테오닉,226400
820,오텍,067170
821,와이즈버즈,273060
822,원익머트리얼즈,104830
823,원풍,008370
824,웹젠,069080
825,위닉스,044340
826,위메이드,112040
827,유비벨록스,089850
828,유비쿼스,264450
829,유안타제4호스팩,313750
830,유진테크,084370
831,이건홀딩스,039020
832,이노와이어리스,073490
833,이녹스첨단소재,272290
834,이더블유케이,258610
835,이랜텍,054210
836,이수앱지스,086890
837,인산가,277410
838,인성정보,033230
839,인탑스,049070
840,인텔리안테크,189300
841,자이언트스텝,289220
842,재영솔루텍,049630
843,제낙스,065620
844,제이시스메디칼,287410
845,제이앤티씨,204270
846,제이티,089790
847,제주맥주,276730
848,좋은사람들,033340
849,진바이오텍,086060
850,진성티이씨,036890
851,초록뱀미디어,047820
852,카이노스메드,284620
853,캐리소프트,317530
854,캠시스,050110
855,케어젠,214370
856,케이비제18호스팩,323940
857,케이비제19호스팩,330990
858,케이엠더블유,032500
859,케이피에프,024880
860,코디엠,224060
861,코리아에셋투자증권,190650
862,코미코,183300
863,코스맥스엔비티,222040
864,코스메카코리아,241710
865,코아시아옵틱스,196450
866,코이즈,121850
867,키이스트,054780
868,태웅로직스,124560
869,테라셈,182690
870,텔콘RF제약,200230
871,토비스,051360
872,티라유텍,322180
873,티비씨,033830
874,티엘비,356860
875,파나진,046210
876,파버나인,177830
877,파워넷,037030
878,판타지오,032800
879,퓨쳐스트림네트웍스,214270
880,프로텍,053610
881,피에이치씨,057880
882,피에이치에이,043370
883,필옵틱스,161580
884,하나금융16호스팩,343510
885,하이제5호스팩,340120
886,한국정보통신,025770
887,한국제8호스팩,310870
888,한국캐피탈,023760
889,한일네트웍스,046110
890,한화플러스제1호스팩,340440
891,헬릭스미스,084990
892,현우산업,092300
893,휴먼엔,032860
904,AJ네트웍스,095570
905,DL건설,001880
906,DSR제강,069730
907,ESR켄달스퀘어리츠,365550
908,GKL,114090
909,JW중외제약,001060
910,KPX홀딩스,092230
911,KSS해운,044450
912,LG화학,051910
913,LIG넥스원,079550
914,LS,006260
915,LX하우시스,108670
916,NAVER,035420
917,NICE,034310
918,NI스틸,008260
919,SK증권,001510
920,SNT에너지,100840
921,경인양행,012610
922,국보,001140
923,기신정기,092440
924,남선알미늄,008350
925,녹십자,006280
926,대덕,008060
927,대동전자,008110
929,대양금속,009190
930,대원강업,000430
931,대창,012800
932,대한전선,001440
933,동국제강,001230
934,동화약품,000020
935,두산,000150
936,두산밥캣,241560
938,디아이씨,092200
939,롯데관광개발,032350
940,롯데칠성,005300
941,롯데케미칼,011170
942,맵스리얼티1,094800
943,명신산업,009900
944,무학,033920
945,미래아이앤지,007120
946,바다로19호,155900
947,부산산업,011390
948,부산주공,005030
949,사조산업,007160
950,사조씨푸드,014710
951,삼성전자,005930
952,삼성제약,001360
953,삼양사,145990
954,삼원강재,023000
955,삼익THK,004380
956,삼화왕관,004450
957,서연,007860
958,세아특수강,019440
959,세원정공,021820
960,세진중공업,075580
961,셀트리온,068270
962,신성통상,005390
963,신세계,004170
964,써니전자,004770
965,아모레퍼시픽,090430
966,아세아,002030
967,에넥스,011090
969,엔케이,085310
971,영원무역,111770
972,영원무역홀딩스,009970
973,용평리조트,070960
974,우리들휴브레인,118000
975,우신시스템,017370
976,우진플라임,049800
977,유니드,014830
978,유안타증권,003470
980,이건산업,008250
981,이노션,214320
982,이연제약,102460
983,인스코비,006490
984,조광페인트,004910
985,조선내화,000480
986,진에어,272450
987,참엔지니어링,009310
989,코오롱글로벌,003070
990,태경케미컬,006890
991,토니모리,214420
992,퍼시스,016800
993,페이퍼코리아,001020
994,폴루스바이오팜,007630
995,하나제약,293480
996,한국내화,010040
997,한국철강,104700
998,한국화장품제조,003350
999,한미글로벌,053690
1001,한양증권,001750
1002,한일현대시멘트,006390
1003,한진중공업,097230
1004,한진중공업홀딩스,003480
1005,한화,000880
1006,현대일렉트릭,267260
1007,현대제철,004020
1008,화승코퍼레이션,013520
1009,황금에스티,032560
1010,효성첨단소재,298050
1011,DSC인베스트먼트,241520
1012,EG,037370
1013,GST,083450
1014,IBKS제15호스팩,373200
1015,KD,044180
1016,KMH,122450
1017,SDN,099220
1018,SK머티리얼즈,036490
1019,SNK,950180
1020,가비아,079940
1021,감성코퍼레이션,036620
1022,강원,114190
1023,경남스틸,039240
1024,광진윈텍,090150
1025,글로벌텍스프리,204620
1026,글로본,019660
1027,나노,187790
1028,내츄럴엔도텍,168330
1029,네오셈,253590
1030,네오위즈홀딩스,042420
1031,네이블,153460
1032,넥스턴바이오,089140
1033,넥스트BT,065170
1034,뉴프렉스,085670
1035,대성엘텍,025440
1036,대신밸런스제7호스팩,332290
1037,대양전기공업,108380
1038,대원,007680
1039,대한뉴팜,054670
1040,덕산테코피아,317330
1041,덕산하이메탈,077360
1042,동국제약,086450
1043,동진쎄미켐,005290
1044,디바이스이엔지,187870
1045,디알젬,263690
1046,디에스티,033430
1047,라이온켐텍,171120
1048,레이크머티리얼즈,281740
1049,레인보우로보틱스,277810
1050,로지시스,067730
1051,루멘스,038060
1052,링네트,042500
1053,마이크로프랜드,147760
1054,매직마이크로,127160
1055,메가스터디교육,215200
1056,메드팩토,235980
1057,메디톡스,086900
1058,메이슨캐피탈,021880
1059,모바일리더,100030
1060,모베이스전자,012860
1061,모헨즈,006920
1062,미코,059090
1063,민앤지,214180
1064,바른손,018700
1065,바른손이앤에이,035620
1066,바이넥스,053030
1067,바이브컴퍼니,301300
1068,바이온,032980
1069,베노홀딩스,206400
1070,비보존 헬스케어,082800
1071,비에이치아이,083650
1072,사람인에이치알,143240
1073,새로닉스,042600
1074,서연탑메탈,019770
1075,서울반도체,046890
1076,서울전자통신,027040
1077,서원인텍,093920
1078,서진오토모티브,122690
1079,선데이토즈,123420
1080,세중,039310
1081,세틀뱅크,234340
1082,센코,347000
1083,슈프리마에이치큐,094840
1084,스타플렉스,115570
1085,시그네틱스,033170
1086,시노펙스,025320
1087,신원종합개발,017000
1088,신한제7호스팩,366330
1089,씨앤지하이테크,264660
1090,씨티씨바이오,060590
1091,아세아텍,050860
1092,아시아종묘,154030
1093,아우딘퓨쳐스,227610
1094,아이엘사이언스,307180
1095,아이진,185490
1096,아이크래프트,052460
1097,알에스오토메이션,140670
1098,알톤스포츠,123750
1099,알파홀딩스,117670
1100,액션스퀘어,205500
1101,앤씨앤,092600
1102,에스디생명공학,217480
1103,에스씨엠생명과학,298060
1104,에스엔유,080000
1105,에스텍파마,041910
1106,에이스테크,088800
1107,에이치엠씨제5호스팩,353060
1108,에이티세미콘,089530
1109,에이팩트,200470
1110,에이프로젠 H&G,109960
1111,엔시스,333620
1112,엔에스,217820
1113,엔피디,198080
1114,엘앤씨바이오,290650
1115,엘오티베큠,083310
1116,엠브레인,169330
1117,엠투아이,347890
1118,엠플러스,259630
1119,엠피대산,065150
1120,예스24,053280
1121,오가닉티코스메틱,900300
1122,오하임아이엔티,309930
1123,옵트론텍,082210
1124,옵티팜,153710
1125,와이솔,122990
1126,와이아이케이,232140
1127,와이어블,065530
1128,우리로,046970
1129,우리산업홀딩스,072470
1130,우양,103840
1131,우진비앤지,018620
1132,원바이오젠,307280
1133,원익,032940
1134,원익홀딩스,030530
1135,위메이드맥스,101730
1136,유성티엔에스,024800
1137,유에스티,263770
1138,유진스팩6호,373340
1139,이루온,065440
1140,이브이첨단소재,131400
1141,이엔에프테크놀로지,102710
1142,이엘피,063760
1143,이엠앤아이,083470
1144,이트론,096040
1145,인터파크,035080
1146,자안바이오,221610
1147,제너셈,217190
1148,제노레이,122310
1149,제로투세븐,159580
1150,제룡전기,033100
1151,젬백스,082270
1152,칩스앤미디어,094360
1153,컴퍼니케이,307930
1154,케이사인,192250
1155,케이씨에스,115500
1156,케이아이엔엑스,093320
1157,켐온,217600
1158,코세스,089890
1159,코엔텍,029960
1160,코텍,052330
1161,콜마비앤에이치,200130
1162,쿠콘,294570
1163,큐캐피탈,016600
1164,크리스에프앤씨,110790
1165,타이거일렉,219130
1166,태광,023160
1167,티로보틱스,117730
1168,티엘아이,062860
1169,파라다이스,034230
1170,파인디앤씨,049120
1171,파인텍,131760
1172,파크시스템스,140860
1173,펩트론,087010
1174,포스코 ICT,022100
1175,폴라리스우노,114630
1176,폴라리스웍스,123010
1177,풍국주정,023900
1178,퓨쳐켐,220100
1179,프리시젼바이오,335810
1180,피씨디렉트,051380
1181,피에스케이홀딩스,031980
1182,피엔에이치테크,239890
1183,피엔케이피부임상연구센타,347740
1184,피플바이오,304840
1185,하나머티리얼즈,166090
1186,하이로닉,149980
1187,하이소닉,106080
1188,한국유니온제약,080720
1189,한국컴퓨터,054040
1190,한송네오텍,226440
1191,한일사료,005860
1192,헝셩그룹,900270
1193,화일약품,061250
1194,효성오앤비,097870
1195,휴럼,353190
1196,휴온스,243070
1197,휴젤,145020
1211,AK홀딩스,006840
1212,CJ,001040
1213,CJ씨푸드,011150
1214,DB금융투자,016610
1215,DGB금융지주,139130
1216,DL,000210
1217,HDC,012630
1218,KISCO홀딩스,001940
1219,KTB투자증권,030210
1220,LG,003550
1221,LG디스플레이,034220
1222,LX인터내셔널,001120
1223,NH프라임리츠,338100
1224,S-Oil,010950
1225,SK네트웍스,001740
1226,SK케미칼,285130
1227,SK하이닉스,000660
1228,SNT모티브,064960
1229,계룡건설,013580
1230,고려아연,010130
1231,남양유업,003920
1232,남해화학,025860
1233,노루페인트,090350
1234,대상,001680
1235,대성에너지,117580
1236,대성홀딩스,016710
1237,대한제강,084010
1238,동원산업,006040
1239,두산퓨얼셀,336260
1240,만호제강,001080
1241,모나미,005360
1242,문배철강,008420
1243,미창석유,003650
1244,백광산업,001340
1245,벽산,007210
1246,부국철강,026940
1248,비비안,002070
1249,비상교육,100220
1250,삼부토건,001470
1251,삼성공조,006660
1252,삼성생명,032830
1253,삼성전기,009150
1254,삼양패키징,272550
1255,삼일씨엔에스,004440
1256,삼화전기,009470
1257,삼화페인트,000390
1258,샘표,007540
1259,서흥,008490
1260,성안,011300
1261,세아베스틸,001430
1262,세하,027970
1263,신라교역,004970
1264,신세계건설,034300
1265,신영와코루,005800
1266,신영증권,001720
1267,신원,009270
1268,신풍제지,002870
1269,아시아나IDT,267850
1270,에쓰씨엔지니어링,023960
1271,에어부산,298690
1272,엘브이엠씨홀딩스,900140
1273,오리온,271560
1274,우리금융지주,316140
1275,우성사료,006980
1276,웰바이오텍,010600
1277,유니온,000910
1278,일진전기,103590
1279,제일연마,001560
1280,조광피혁,004700
1281,조일알미늄,018470
1282,카카오,035720
1283,케이씨티,009070
1284,KT,030200
1285,코리안리,003690
1286,코오롱머티리얼,144620
1287,쿠쿠홈시스,284740
1288,크라운제과,264900
1289,크라운해태홀딩스,005740
1290,키움증권,039490
1291,태광산업,003240
1292,태림포장,011280
1293,태원물산,001420
1294,티에이치엔,019180
1295,팬오션,028670
1296,퍼스텍,010820
1297,평화산업,090080
1298,하나투어,039130
1299,하이골드12호,172580
1300,한국쉘석유,002960
1301,한독,002390
1302,한세엠케이,069640
1303,한솔제지,213500
1304,한솔케미칼,014680
1305,한솔테크닉스,004710
1306,한전기술,052690
1307,한진,002320
1308,해성디에스,195870
1309,현대리바트,079430
1310,현대백화점,069960
1311,형지엘리트,093240
1312,혜인,003010
1313,화성산업,002460
1314,휴비스,079980
1315,CJ프레시웨이,051500
1316,CNH,023460
1317,DB금융스팩9호,367360
1318,DMS,068790
1319,GH신소재,130500
1320,GV,045890
1321,IBKS제14호스팩,351320
1322,ISC,095340
1323,KBI메탈,024840
1324,KG모빌리언스,046440
1325,KMH하이텍,052900
1326,KT서브마린,060370
1327,LX세미콘,108320
1328,SBS콘텐츠허브,046140
1329,SG&G,040610
1330,SK5호스팩,337450
1331,SV인베스트먼트,289080
1332,TPC,048770
1333,TS인베스트먼트,246690
1334,YBM넷,057030
1335,iMBC,052220
1336,가온미디어,078890
1337,게임빌,063080
1338,경동제약,011040
1339,골든센츄리,900280
1340,광림,014200
1341,국보디자인,066620
1342,나무기술,242040
1343,나스미디어,089600
1344,나이스정보통신,036800
1345,남화산업,111710
1346,네오오토,212560
1347,네오크레마,311390
1348,넷게임즈,225570
1349,노랑풍선,104620
1350,노바텍,285490
1351,뉴보텍,060260
1352,뉴지랩파마,214870
1353,다날,064260
1354,대신밸런스제9호스팩,369370
1355,대원미디어,048910
1356,대한과학,131220
1357,대호특수강,021040
1358,대화제약,067080
1359,동아화성,041930
1360,동양파일,228340
1361,디앤씨미디어,263720
1362,디이엔티,079810
1363,디지탈옵틱,106520
1364,라닉스,317120
1365,라온피플,300120
1366,랩지노믹스,084650
1367,로스웰,900260
1368,리메드,302550
1369,린드먼아시아,277070
1370,마니커에프앤지,195500
1371,마이더스AI,222810
1372,메가엠디,133750
1373,메카로,241770
1374,모베이스,101330
1375,모아텍,033200
1376,바이오다인,314930
1377,바이오스마트,038460
1378,배럴,267790
1379,보광산업,225530
1380,본느,226340
1381,브릿지바이오테라퓨틱스,288330
1382,비엠티,086670
1383,삼보모터스,053700
1384,삼보산업,009620
1385,삼영엠텍,054540
1386,삼천당제약,000250
1387,상상인,038540
1388,샘코,263540
1389,서울바이오시스,092190
1390,서울옥션,063170
1391,서울제약,018680
1392,성도이엔지,037350
1393,세원,234100
1394,세원물산,024830
1395,셀루메드,049180
1396,셀리버리,268600
1397,소룩스,290690
1398,소프트캠프,258790
1399,수성이노베이션,084180
1400,스카이문스테크놀로지,033790
1401,스킨앤스킨,159910
1402,시너지이노베이션,048870
1403,신성델타테크,065350
1404,신화인터텍,056700
1405,싸이버원,356890
1406,싸이토젠,217330
1407,씨엔플러스,115530
1408,아이컴포넌트,059100
1409,아이톡시,052770
1410,아주IB투자,027360
1411,아즈텍WB,032080
1412,안랩,053800
1413,알서포트,131370
1414,에너토크,019990
1415,에스넷,038680
1416,에스에이엠티,031330
1417,에스피지,058610
1418,에이디엠코리아,187660
1419,에이비프로바이오,195990
1420,에이씨티,138360
1421,에이아이비트,039230
1422,에이치엔티,176440
1423,에이치엘비,028300
1424,에이프로,262260
1425,에이피티씨,089970
1426,에코마케팅,230360
1427,에코바이오,038870
1428,에코캡,128540
1429,에프앤가이드,064850
1430,에프엔에스테크,083500
1431,엑사이엔씨,054940
1432,엔바이오니아,317870
1433,엔에이치스팩13호,310840
1434,엘엠에스,073110
1435,엠아이텍,179290
1436,엠에스오토텍,123040
1437,엠케이전자,033160
1438,오르비텍,046120
1439,오이솔루션,138080
1440,올리패스,244460
1441,와이엠씨,155650
1442,와이엠티,251370
1443,와이제이엠게임즈,193250
1444,와이팜,332570
1445,와토스코리아,079000
1446,우리넷,115440
1447,원익IPS,240810
1448,위세아이텍,065370
1449,유니슨,018000
1450,유니크,011320
1451,유아이디,069330
1452,유아이엘,049520
1453,유틸렉스,263050
1454,이미지스,115610
1455,이상네트웍스,080010
1456,이에스에이,052190
1457,이엠네트웍스,087730
1458,이엠코리아,095190
1459,이오플로우,294090
1460,이퓨쳐,134060
1461,이화공영,001840
1462,이화전기,024810
1463,인피니트헬스케어,071200
1464,일신바이오,068330
1465,잉글우드랩,950140
1466,자안코스메틱,219550
1467,장원테크,174880
1468,제노코,361390
1469,제이씨케미칼,137950
1470,제이웨이,058420
1471,젬백스링크,064800
1472,조광ILI,044060
1473,줌인터넷,239340
1474,중앙백신,072020
1475,지놈앤컴퍼니,314130
1476,지트리비앤티,115450
1477,진시스템,363250
1478,카스,016920
1479,카카오게임즈,293490
1480,카페24,042000
1481,케이비17호스팩,317030
1482,케이에스피,073010
1483,코너스톤네트웍스,033110
1484,코다코,046070
1485,코디,080530
1486,큐로홀딩스,051780
1487,크리스탈신소재,900250
1488,크린앤사이언스,045520
1489,클래시스,214150
1490,클리오,237880
1491,토박스코리아,215480
1492,투비소프트,079970
1493,팅크웨어,084730
1494,파마리서치,214450
1495,팜스토리,027710
1496,펄어비스,263750
1497,포인트모바일,318020
1498,폴라리스오피스,041020
1499,푸드나무,290720
1500,푸른저축은행,007330
1501,프리엠스,053160
1502,피제이메탈,128660
1503,한국전자인증,041460
1504,한국큐빅,021650
1505,한독크린텍,256150
1506,한탑,002680
1507,한프,066110
1508,해성산업,034810
1509,현대에버다임,041440
1510,홈캐스트,064240
1511,휴메딕스,200670
1512,휴온스글로벌,084110
1513,휴온스블러썸,263920
1514,흥구석유,024060
1533,BGF,027410
1534,CS홀딩스,000590
1535,DB,012030
1536,E1,017940
1537,F&F홀딩스,007700
1538,KC그린홀딩스,009440
1539,LG유플러스,032640
1540,SGC에너지,005090
1541,SK바이오사이언스,302440
1542,SNT중공업,003570
1543,SNT홀딩스,036530
1544,STX엔진,077970
1545,경동도시가스,267290
1546,경방,000050
1547,고려제강,002240
1548,광동제약,009290
1549,광주신세계,037710
1550,교촌에프앤비,339770
1551,금비,008870
1552,금호석유,011780
1553,대림통상,006570
1554,대신증권,003540
1555,대원전선,006340
1556,대원화성,024890
1557,대유에이텍,002880
1558,더블유게임즈,192080
1559,동부건설,005960
1560,동성제약,002210
1561,동아에스티,170900
1562,동양고속,084670
1563,동양철관,008970
1564,동원수산,030720
1565,동일제강,002690
1566,롯데쇼핑,023530
1567,메리츠화재,000060
1568,미래에셋생명,085620
1569,미원에스씨,268280
1570,부광약품,003000
1571,삼성중공업,010140
1572,삼양홀딩스,000070
1573,삼익악기,002450
1574,삼천리,004690
1575,서울식품,004410
1576,성창기업지주,000180
1577,세원이앤씨,091090
1578,세종공업,033530
1579,솔루엠,248070
1580,시디즈,134790
1581,아세아시멘트,183190
1582,알루코,001780
1583,SJM홀딩스,025530
1584,엔에스쇼핑,138250
1585,유성기업,002920
1586,유한양행,000100
1587,이리츠코크렙,088260
1588,이수페타시스,007660
1589,이아이디,093230
1590,이엔플러스,074610
1591,인디에프,014990
1592,일진홀딩스,015860
1593,자이에스앤디,317400
1594,전방,000950
1595,제이알글로벌리츠,348950
1596,제이콘텐트리,036420
1597,제일기획,030000
1598,지투알,035000
1599,진양폴리,010640
1600,KCC,002380
1601,코람코에너지리츠,357120
1602,코스맥스,192820
1603,코스맥스비티아이,044820
1604,코웨이,021240
1605,콤텍시스템,031820
1606,티웨이항공,091810
1607,팜젠사이언스,004720
1608,포스코인터내셔널,047050
1609,하이골드3호,153360
1610,한국ANKOR유전,152550
1611,한국화장품,123690
1612,한라,014790
1613,한미반도체,042700
1614,한섬,020000
1615,한세실업,105630
1616,한솔홈데코,025750
1617,한전산업,130660
1618,한화손해보험,000370
1619,한화솔루션,009830
1620,핸즈코퍼레이션,143210
1621,현대모비스,012330
1622,현대차,005380
1623,화승엔터프라이즈,241590
1624,화인베스틸,133820
1625,화천기계,010660
1626,효성티앤씨,298020
1627,후성,093370
1628,휠라홀딩스,081660
1629,휴스틸,005010
1630,3S,060310
1631,COWON,056000
1632,DB금융스팩8호,367340
1633,EMW,079190
1634,JYP Ent.,035900
1635,RFHIC,218410
1636,경남제약,053950
1637,고려신용정보,049720
1638,고바이오랩,348150
1639,골드퍼시픽,038530
1640,광진실업,026910
1641,그린플러스,186230
1642,기산텔레콤,035460
1643,나노씨엠에스,247660
1644,나이스디앤비,130580
1645,네패스,033640
1646,네패스아크,330860
1647,녹원씨엔아이,065560
1648,누리플렉스,040160
1649,대동금속,020400
1650,대림제지,017650
1651,대신정보통신,020180
1652,데브시스터즈,194480
1653,동방선기,099410
1654,동우팜투테이블,088910
1655,동운아나텍,094170
1656,드림시큐리티,203650
1657,드림씨아이에스,223250
1658,드림어스컴퍼니,060570
1659,디아이티,110990
1660,디에이치피코리아,131030
1661,디케이락,105740
1662,디케이앤디,263020
1663,디케이티,290550
1664,라온시큐어,042510
1665,라온테크,232680
1666,라파스,214260
1667,리노스,039980
1668,마이크로컨텍솔,098120
1669,마크로젠,038290
1670,멀티캠퍼스,067280
1671,메지온,140410
1672,모비릭스,348030
1673,미디어젠,279600
1674,미래나노텍,095500
1675,미래에셋대우스팩 5호,353490
1676,미래테크놀로지,213090
1677,미투젠,950190
1678,바이오리더스,142760
1679,바텍,043150
1680,베스파,299910
1681,뷰웍스,100120
1682,블루콤,033560
1683,비덴트,121800
1684,비에이치,090460
1685,비올,335890
1686,비츠로셀,082920
1687,비츠로시스,054220
1688,비츠로테크,042370
1689,비피도,238200
1690,빅텍,065450
1691,삼성머스트스팩5호,380320
1692,상상인이안1호스팩,307870
1693,상아프론테크,089980
1694,서린바이오,038070
1695,서부T&D,006730
1696,석경에이티,357550
1697,선광,003100
1698,성호전자,043260
1699,세종메디칼,258830
1700,세진티에스,067770
1701,세화피앤씨,252500
1702,셀레믹스,331920
1703,셀리드,299660
1704,수젠텍,253840
1705,스맥,099440
1706,신라섬유,001000
1707,신영스팩5호,323280
1708,신화콘텍,187270
1709,쎄니트,037760
1710,씨씨에스,066790
1711,씨젠,096530
1712,아리온,058220
1713,아시아경제,127710
1714,아이디스홀딩스,054800
1715,아이쓰리시스템,214430
1716,안국약품,001540
1717,알테오젠,196170
1718,압타바이오,293780
1719,에브리봇,270660
1720,에스맥,097780
1721,에스에이티,060540
1722,에스엠코어,007820
1723,에스코넥,096630
1724,에스티오,098660
1725,에이치엘사이언스,239610
1726,에이치엠씨제4호스팩,353070
1727,에이테크솔루션,071670
1728,에코마이스터,064510
1729,에프엔씨엔터,173940
1730,엔에프씨,265740
1731,엘비세미콘,061970
1732,엠에스씨,009780
1733,엠젠플러스,032790
1734,연우,115960
1735,오디텍,080520
1736,오킨스전자,080580
1737,와이엔텍,067900
1738,와이오엠,066430
1739,와이지엔터테인먼트,122870
1740,우리이앤엘,153490
1741,우리조명,037400
1742,우주일렉트로,065680
1743,웨이브일렉트로,095270
1744,웹케시,053580
1745,위니아딤채,071460
1746,위더스제약,330350
1747,위드텍,348350
1748,위지윅스튜디오,299900
1749,윈스,136540
1750,윈텍,320000
1751,유라테크,048430
1752,율호,072770
1753,이그잭스,060230
1754,이니텍,053350
1755,이큐셀,160600
1756,인지디스플레,037330
1757,인콘,083640
1758,인크로스,216050
1759,일지테크,019540
1760,제넥신,095700
1761,제이에스티나,026040
1762,제이엠아이,033050
1763,제일전기공업,199820
1764,지엔원에너지,270520
1765,진로발효,018120
1766,체리부로,066360
1767,케이디켐,221980
1768,케이씨티,089150
1769,케이피에스,256940
1770,코리아에스이,101670
1771,코맥스,036690
1772,코아스템,166480
1773,큐렉소,060280
1774,큐로컴,040350
1775,큐리언트,115180
1776,태양,053620
1777,태웅,044490
1778,테크윙,089030
1779,티씨케이,064760
1780,티앤엘,340570
1781,티에스아이,277880
1782,티에스이,131290
1783,티움바이오,321550
1784,파루,043200
1785,파인테크닉스,106240
1786,팜스빌,318010
1787,팬스타엔터프라이즈,054300
1788,포메탈,119500
1789,플레이위드,023770
1790,피씨엘,241820
1791,피피아이,062970
1792,하나금융17호스팩,363260
1793,하나머스트7호스팩,372290
1794,한국파마,032300
1795,한창산업,079170
1796,한화에스비아이스팩,317320
1797,해성티피씨,059270
1798,핸디소프트,220180
1799,현대공업,170030
1800,화신정공,126640
1801,휴마시스,205470
1802,휴비츠,065510
1803,흥국,010240
1826,CJ CGV,079160
1827,DB하이텍,000990
1828,DL이앤씨,375500
1829,HDC현대EP,089470
1830,HSD엔진,082740
1831,LF,093050
1832,LG생활건강,051900
1833,SG세계물산,004060
1834,SIMPAC,009160
1835,SKC,011790
1836,SK디앤디,210980
1837,SK아이이테크놀로지,361610
1838,SUN&L,002820
1839,TCC스틸,002710
1840,TYM,002900
1841,가온전선,000500
1842,경보제약,214390
1843,고려산업,002140
1844,광전자,017900
1845,남광토건,001260
1846,넥센,005720
1847,농심,004370
1848,다우기술,023590
1849,대교,019680
1850,대성산업,128820
1851,대유플러스,000300
1852,대한제분,001130
1853,대한항공,003490
1854,대한화섬,003830
1855,대호에이엘,069460
1856,동남합성,023450
1857,동방,004140
1858,동아타이어,282690
1859,동양피스톤,092780
1860,동원시스템즈,014820
1861,디와이파워,210540
1862,롯데리츠,330590
1863,롯데손해보험,000400
1864,메리츠금융지주,138040
1865,무림P&P,009580
1866,미원상사,002840
1867,방림,003610
1868,보령제약,003850
1869,사조오양,006090
1870,삼아알미늄,006110
1871,삼양식품,003230
1872,삼영전자,005680
1873,삼화전자,011230
1874,새론오토모티브,075180
1875,성문전자,014910
1876,세화아이엠씨,145210
1877,신대양제지,016590
1878,신세계인터내셔날,035510
1879,쌍방울,102280
1880,아남전자,008700
1881,아세아제지,002310
1882,애경유화,161000
1883,에스원,012750
1884,에이엔피,015260
1885,엔케이물산,009810
1886,영흥,012160
1887,오리온홀딩스,001800
1888,와이투솔루션,011690
1889,웅진,016880
1890,원림,005820
1891,유니퀘스트,077500
1892,이지스밸류리츠,334890
1893,인바이오젠,101140
1894,일동제약,249420
1895,일신석재,007110
1896,일양약품,007570
1897,일진머티리얼즈,020150
1898,주연테크,044380
1899,지코,010580
1900,컨버즈,109070
1901,케이비아이동국실업,001620
1902,케이씨,029460
1904,티웨이홀딩스,004870
1905,파미셀,005690
1906,평화홀딩스,010770
1907,풀무원,017810
1908,풍산홀딩스,005810
1909,프레스티지바이오파마,950210
1910,하이트진로홀딩스,000140
1911,한국단자,025540
1912,한국앤컴퍼니,000240
1913,한국조선해양,009540
1914,한국카본,017960
1915,한농화성,011500
1916,한미약품,128940
1917,한익스프레스,014130
1918,한전KPS,051600
1919,한화시스템,272210
1920,한화투자증권,003530
1921,현대글로비스,086280
1922,현대약품,004310
1923,현대오토에버,307950
1924,현대중공업지주,267250
1925,현대해상,001450
1926,현대홈쇼핑,057050
1927,효성중공업,298040
1928,CJ ENM,035760
1929,CMG제약,058820
1930,HB테크놀러지,078150
1931,IBKS제12호스팩,335870
1932,KG이니시스,035600
1933,KNN,058400
1934,KPX생명과학,114450
1935,NE능률,053290
1936,NHN한국사이버결제,060250
1937,SBI인베스트먼트,019550
1938,SG,255220
1939,SK6호스팩,340350
1940,고려제약,014570
1941,구영테크,053270
1942,금강철강,053260
1943,기가레인,049080
1944,나노캠텍,091970
1945,나라엠앤디,051490
1946,나우IB,293580
1947,네오펙트,290660
1948,녹십자엠에스,142280
1949,뉴파워프라즈마,144960
1950,대동기어,008830
1951,대륙제관,004780
1952,대모,317850
1953,대보마그네틱,290670
1954,대성창투,027830
1955,대정화금,120240
1956,대창스틸,140520
1957,덕우전자,263600
1958,동성화인텍,033500
1959,동양에스텍,060380
1960,동양이엔피,079960
1961,동일철강,023790
1962,디스플레이텍,066670
1963,디에스케이,109740
1964,디와이피엔에프,104460
1965,러셀,217500
1966,레이,228670
1967,맘스터치,220630
1968,매일유업,267980
1969,맥스트,377030
1970,메가스터디,072870
1971,명성티엔에스,257370
1972,모다이노칩,080420
1973,모바일어플라이언스,087260
1974,미투온,201490
1975,바이오솔루션,086820
1976,바이오톡스텍,086040
1977,베뉴지,019010
1978,뷰노,338220
1979,비나텍,126340
1980,빅솔론,093190
1981,삼강엠앤티,100090
1982,삼목에스폼,018310
1983,삼성스팩2호,291230
1984,상신전자,263810
1985,서진시스템,178320
1986,서플러스글로벌,140070
1987,서한,011370
1988,서희건설,035890
1989,선익시스템,171090
1990,성광벤드,014620
1991,소프트센,032680
1992,신진에스엠,138070
1993,심텍,222800
1994,심텍홀딩스,036710
1995,쎌바이오텍,049960
1996,씨유메디칼,115480
1997,아모그린텍,125210
1998,아미노로직스,074430
1999,아바텍,149950
2000,아이디스,143160
2001,아이앤씨,052860
2002,아이에스이커머스,069920
2003,아진엑스텍,059120
2004,아톤,158430
2005,알엔투테크놀로지,148250
2006,압타머사이언스,291650
2007,애머릿지,900100
2008,액토즈소프트,052790
2009,에스디시스템,121890
2010,에스엠,041510
2011,에스제이케이,080440
2012,에스티아이,039440
2013,에스티큐브,052020
2014,에이치엘비제약,047920
2015,에이치케이,044780
2016,에이텍,045660
2017,에코프로,086520
2018,에코프로비엠,247540
2019,에프앤리퍼블릭,064090
2020,엑스큐어,070300
2021,엔비티,236810
2022,엔에스엔,031860
2023,엔에이치스팩17호,359090
2024,엘비루셈,376190
2025,엘앤에프,066970
2026,엘앤케이바이오,156100
2027,오로스테크놀로지,322310
2028,오리엔탈정공,014940
2029,오리콤,010470
2030,오비고,352910
2031,오스템,031510
2032,우리기술,032820
2033,우리기술투자,041190
2034,우리바이오,082850
2035,우정바이오,215380
2036,원풍물산,008290
2037,월덱스,101160
2038,웰크론한텍,076080
2039,웹스,196700
2040,윙입푸드,900340
2041,유니셈,036200
2042,유니트론텍,142210
2043,유안타제6호스팩,340360
2044,유일에너테크,340930
2045,유진기업,023410
2046,유진로봇,056080
2047,이노뎁,303530
2048,이노와이즈,086250
2049,이노인스트루먼트,215790
2050,이디티,215090
2051,이라이콤,041520
2052,이베스트투자증권,078020
2053,이엠텍,091120
2054,이원컴포텍,088290
2055,이즈미디어,181340
2056,이크레더블,092130
2057,인터엠,017250
2058,인트로메딕,150840
2059,인트론바이오,048530
2060,인포마크,175140
2061,일승,333430
2062,일야,058450
2063,일진파워,094820
2064,정원엔시스,045510
2065,제넨바이오,072520
2066,제노포커스,187420
2067,제닉,123330
2068,제룡산업,147830
2069,젠큐릭스,229000
2070,중앙에너비스,000440
2071,지나인제약,078650
2072,지더블유바이텍,036180
2073,지스마트글로벌,114570
2074,지엘팜텍,204840
2075,진매트릭스,109820
2076,창해에탄올,004650
2077,컬러레이,900310
2078,케어랩스,263700
2079,케이엔제이,272110
2080,케이엠,083550
2081,케이엠제약,225430
2082,케이프,064820
2083,켐트로닉스,089010
2084,켐트로스,220260
2085,코리아에프티,123410
2086,코센,009730
2087,코퍼스코리아,322780
2088,탑엔지니어링,065130
2089,티사이언티픽,057680
2090,티피씨글로벌,130740
2091,파트론,091700
2092,팬젠,222110
2093,포티스,141020
2094,플랜티넷,075130
2095,피앤씨테크,237750
2096,하림지주,003380
2097,하이제6호스팩,377400
2098,하이텍팜,106190
2099,한국9호스팩,368770
2100,한국가구,004590
2101,한국정밀기계,101680
2102,한국팩키지,037230
2103,한빛소프트,047080
2104,한양이엔지,045100
2105,한일진공,123840
2106,현대에이치티,039010
2107,현대이지웰,090850
2108,휘닉스소재,050090
2109,휴림로봇,090710
2134,BYC,001460
2135,DB손해보험,005830
2136,F&F,383220
2137,GS,078930
2138,HMM,011200
2139,JB금융지주,175330
2140,JW생명과학,234080
2141,JW홀딩스,096760
2142,KH 필룩스,033180
2143,LS네트웍스,000680
2144,NH투자증권,005940
2145,SK디스커버리,006120
2146,강남제비스코,000860
2147,경동나비엔,009450
2148,계양전기,012200
2149,광명전기,017040
2150,그린케미칼,083420
2151,금호에이치티,214330
2152,깨끗한나라,004540
2153,넥스트사이언스,003580
2154,노루홀딩스,000320
2155,대동,000490
2156,대상홀딩스,084690
2157,대우부품,009320
2158,대우조선해양,042660
2159,대창단조,015230
2160,대현,016090
2161,동아쏘시오홀딩스,000640
2162,동아지질,028100
2163,동일고무벨트,163560
2164,동일산업,004890
2165,두올,016740
2166,드림텍,192650
2167,롯데지주,004990
2168,모나리자,012690
2169,무림페이퍼,009200
2170,미래산업,025560
2171,미래에셋증권,006800
2172,미원홀딩스,107590
2173,보해양조,000890
2174,비케이탑스,030790
2175,삼성물산,028260
2176,삼화콘덴서,001820
2177,상신브레이크,041650
2179,선도전기,007610
2180,성신양회,004980
2181,신흥,004080
2182,씨에스윈드,112610
2183,아센디오,012170
2184,아시아나항공,020560
2186,에이리츠,140910
2187,에이프로젠제약,003060
2188,에이플러스에셋,244920
2189,엔에이치스팩19호,380440
2191,영풍제지,006740
2192,예스코홀딩스,015360
2193,우리종금,010050
2194,우진아이엔에스,010400
2195,웅진씽크빅,095720
2196,유수홀딩스,000700
2197,유엔젤,072130
2198,유유제약,000220
2199,율촌화학,008730
2200,이지스레지던스리츠,350520
2201,이화산업,000760
2202,인팩,023810
2203,일신방직,003200
2204,일진디스플,020760
2205,잇츠한불,226320
2206,제주은행,006220
2207,제주항공,089590
2208,종근당,185750
2209,진양산업,003780
2210,진양홀딩스,100250
2211,진원생명과학,011000
2212,진흥기업,002780
2213,천일고속,000650
2214,체시스,033250
2215,카프로,006380
2216,KT&G,033780
2217,풍산,103140
2218,하나금융지주,086790
2219,하이브,352820
2220,한국가스공사,036460
2221,한국특강,007280
2222,한성기업,003680
2223,한세예스24홀딩스,016450
2224,한일시멘트,300720
2225,한일홀딩스,003300
2226,한진칼,180640
2227,한창,005110
2228,현대그린푸드,005440
2229,현대로템,064350
2230,현대미포조선,010620
2231,현대위아,011210
2232,현대코퍼레이션,011760
2233,현대코퍼레이션홀딩스,227840
2234,화신,010690
2235,휴켐스,069260
2236,흥국화재,000540
2237,AP시스템,265520
2238,AP위성,211270
2239,CNT85,056730
2240,GRT,900290
2241,ITX-AI,099520
2242,KH E&T,226360
2243,KH 일렉트론,111870
2244,OQP,078590
2245,PI첨단소재,178920
2246,S&K폴리텍,091340
2247,SCI평가정보,036120
2248,SFA반도체,036540
2249,SGA,049470
2250,SGC이테크건설,016250
2251,THE E&M,089230
2252,THE MIDONG,161570
2253,TJ미디어,032540
2254,YTN,040300
2255,골프존,215000
2256,골프존뉴딘홀딩스,121440
2257,교보10호스팩,355150
2258,글로벌에스엠,900070
2259,금화피에스시,036190
2260,네오이뮨텍(Reg.S),950220
2261,네온테크,306620
2262,녹십자랩셀,144510
2263,녹십자웰빙,234690
2264,누리플랜,069140
2265,뉴트리,270870
2266,다나와,119860
2267,다믈멀티미디어,093640
2268,다우데이타,032190
2269,대동스틸,048470
2270,대신밸런스제8호스팩,336570
2271,더네이쳐홀딩스,298540
2272,데이타솔루션,263800
2273,덱스터,206560
2274,도이치모터스,067990
2275,동원개발,013120
2276,동일금속,109860
2277,동화기업,025900
2278,드래곤플라이,030350
2279,디지캡,197140
2280,라이프시맨틱스,347700
2281,레드로버,060300
2282,로보티즈,108490
2283,로체시스템즈,071280
2284,리노공업,058470
2285,마이크로디지탈,305090
2286,매커스,093520
2287,메디아나,041920
2288,미래생명자원,218150
2289,바른전자,064520
2290,백금T&A,046310
2291,버킷스튜디오,066410
2292,보성파워텍,006910
2293,브이원텍,251630
2294,브이티지엠피,018290
2295,블루베리 NFT,044480
2296,비비씨,318410
2297,비씨월드제약,200780
2298,비아트론,141000
2299,빛샘전자,072950
2300,삼기,122350
2301,삼영이엔씨,065570
2302,상상인이안제2호스팩,329560
2303,상상인인더스트리,101000
2304,서남,294630
2305,서울리거,043710
2306,서전기전,189860
2307,성우전자,081580
2308,세동,053060
2309,셀트리온헬스케어,091990
2310,소마젠,950200
2311,솔트룩스,304100
2312,쇼박스,086980
2313,슈프리마아이디,317770
2314,신신제약,002800
2315,신일제약,012790
2316,싸이맥스,160980
2317,쏠리드,050890
2318,씨아이에스,222080
2319,씨앤씨인터내셔널,352480
2320,씨에스베어링,297090
2321,아난티,025980
2322,아바코,083930
2323,아스트,067390
2324,아이스크림에듀,289010
2325,아이텍,119830
2326,아이티엠반도체,084850
2327,알로이스,297570
2328,알리코제약,260660
2329,야스,255440
2330,양지사,030960
2331,얼라인드,238120
2332,에스씨디,042110
2333,에스아이리소스,065420
2334,에스에프에이,056190
2335,에스와이,109610
2336,에스텍,069510
2337,에스폴리텍,050760
2338,에스피시스템스,317830
2339,에이에프더블류,312610
2340,에이치시티,072990
2341,에이치엘비생명과학,067630
2342,에이치엘비파워,043220
2343,에이트원,230980
2344,에치에프알,230240
2345,에프에스티,036810
2346,엔젠바이오,354200
2347,엔피케이,048830
2348,엘티씨,170920
2349,엠투엔,033310
2350,영우디에스피,143540
2351,영풍정밀,036560
2352,예선테크,250930
2353,오로라,039830
2354,오상자이엘,053980
2355,오스코텍,039200
2356,오파스넷,173130
2357,올릭스,226950
2358,옴니시스템,057540
2359,우리산업,215360
2360,우원개발,046940
2361,원익피앤이,131390
2362,위즈코프,038620
2363,윈팩,097800
2364,유비케어,032620
2365,유앤아이,056090
2366,유진스팩5호,331380
2367,이노메트리,302430
2368,이노테라피,246960
2369,이루다,164060
2370,이씨에스,067010
2371,이엔드디,101360
2372,이오테크닉스,039030
2373,이지홀딩스,035810
2374,인바이오,352940
2375,인터로조,119610
2376,인터플렉스,051370
2377,인피니티엔티,016670
2378,인화정공,101930
2379,자연과환경,043910
2380,정산애강,022220
2381,제이브이엠,054950
2382,제이스텍,090470
2383,제이엔케이히터,126880
2384,제일테크노스,038010
2385,제테마,216080
2386,지노믹트리,228760
2387,지어소프트,051160
2388,지에스이,053050
2389,진양제약,007370
2390,차바이오텍,085660
2391,천랩,311690
2392,청담러닝,096240
2393,캔서롭,180400
2394,케이엘넷,039420
2395,코나아이,052400
2396,코렌텍,104540
2397,코리아나,027050
2398,코오롱티슈진,950160
2399,코윈테크,282880
2400,코콤,015710
2401,퀀타매트릭스,317690
2402,큐에스아이,066310
2403,클라우드에어,036170
2404,테스,095610
2405,텔레칩스,054450
2406,텔레필드,091440
2407,톱텍,108230
2408,티케이케미칼,104480
2409,티플랙스,081150
2410,파이오링크,170790
2411,포스코엠텍,009520
2412,포시에스,189690
2413,푸른기술,094940
2414,프럼파스트,035200
2415,프레스티지바이오로직스,334970
2416,플리토,300080
2417,하림,136480
2418,하이록코리아,013030
2419,하이비젼시스템,126700
2420,하츠,066130
2421,한국기업평가,034950
2422,한국알콜,017890
2423,한국전자금융,063570
2424,한국정보공학,039740
2425,한네트,052600
2426,한라IMS,092460
2427,한스바이오메드,042520
2428,해성옵틱스,076610
2429,현대사료,016790
2430,홈센타홀딩스,060560
2431,힘스,238490
